INSERT IGNORE INTO Pessoa (id, cpf, nome, email, senha, data_nascimento, eh_administrador) VALUES
(1, '35316029429', 'Admin Sistema', 'admin@clinica.com', '$argon2id$v=19$m=16384,t=2,p=1$4hwXb6RQmBKCAeqpCEh+uA$dSQq4lbKhuDrLZwxmUMBJLsY6QgnPdLX5CZwsPkMmcY', '1980-01-01', 1),
(2, '39294085031', 'Dr. House', 'house@clinica.com', '$argon2id$v=19$m=16384,t=2,p=1$4hwXb6RQmBKCAeqpCEh+uA$dSQq4lbKhuDrLZwxmUMBJLsY6QgnPdLX5CZwsPkMmcY', '1965-05-15', 0),
(3, '47682009586', 'João Silva', 'joao@email.com', '$argon2id$v=19$m=16384,t=2,p=1$4hwXb6RQmBKCAeqpCEh+uA$dSQq4lbKhuDrLZwxmUMBJLsY6QgnPdLX5CZwsPkMmcY', '1990-10-20', 0),
(4, '34740314142', 'Maria Atendente', 'maria@clinica.com', '$argon2id$v=19$m=16384,t=2,p=1$4hwXb6RQmBKCAeqpCEh+uA$dSQq4lbKhuDrLZwxmUMBJLsY6QgnPdLX5CZwsPkMmcY', '1995-02-10', 0),
(5, '30097468061', 'Usuário Completo', 'completo@clinica.com', '$argon2id$v=19$m=16384,t=2,p=1$4hwXb6RQmBKCAeqpCEh+uA$dSQq4lbKhuDrLZwxmUMBJLsY6QgnPdLX5CZwsPkMmcY', '1992-08-15', 1),
(6, '30689321732', 'Dr. Carlos Almeida', 'carlos@clinica.com', '$argon2id$v=19$m=16384,t=2,p=1$4hwXb6RQmBKCAeqpCEh+uA$dSQq4lbKhuDrLZwxmUMBJLsY6QgnPdLX5CZwsPkMmcY', '1970-01-01', 0),
(7, '36613945170', 'Dra. Ana Costa', 'ana@clinica.com', '$argon2id$v=19$m=16384,t=2,p=1$4hwXb6RQmBKCAeqpCEh+uA$dSQq4lbKhuDrLZwxmUMBJLsY6QgnPdLX5CZwsPkMmcY', '1970-01-01', 0),
(8, '46130061390', 'Dr. Roberto Lima', 'roberto@clinica.com', '$argon2id$v=19$m=16384,t=2,p=1$4hwXb6RQmBKCAeqpCEh+uA$dSQq4lbKhuDrLZwxmUMBJLsY6QgnPdLX5CZwsPkMmcY', '1970-01-01', 0),
(9, '76111841211', 'Dra. Juliana Souza', 'juliana@clinica.com', '$argon2id$v=19$m=16384,t=2,p=1$4hwXb6RQmBKCAeqpCEh+uA$dSQq4lbKhuDrLZwxmUMBJLsY6QgnPdLX5CZwsPkMmcY', '1970-01-01', 0),
(10, '19072297954', 'Dr. Marcos Pereira', 'marcos@clinica.com', '$argon2id$v=19$m=16384,t=2,p=1$4hwXb6RQmBKCAeqpCEh+uA$dSQq4lbKhuDrLZwxmUMBJLsY6QgnPdLX5CZwsPkMmcY', '1970-01-01', 0),
(11, '10797204482', 'Dra. Patricia Rocha', 'patricia@clinica.com', '$argon2id$v=19$m=16384,t=2,p=1$4hwXb6RQmBKCAeqpCEh+uA$dSQq4lbKhuDrLZwxmUMBJLsY6QgnPdLX5CZwsPkMmcY', '1970-01-01', 0),
(12, '94906963404', 'Dr. Felipe Santos', 'felipe@clinica.com', '$argon2id$v=19$m=16384,t=2,p=1$4hwXb6RQmBKCAeqpCEh+uA$dSQq4lbKhuDrLZwxmUMBJLsY6QgnPdLX5CZwsPkMmcY', '1970-01-01', 0),
(13, '68932178542', 'Dra. Beatriz Oliveira', 'beatriz@clinica.com', '$argon2id$v=19$m=16384,t=2,p=1$4hwXb6RQmBKCAeqpCEh+uA$dSQq4lbKhuDrLZwxmUMBJLsY6QgnPdLX5CZwsPkMmcY', '1970-01-01', 0),
(14, '68372583463', 'Lucas Souza', 'lucas.souza@email.com', '$argon2id$v=19$m=16384,t=2,p=1$4hwXb6RQmBKCAeqpCEh+uA$dSQq4lbKhuDrLZwxmUMBJLsY6QgnPdLX5CZwsPkMmcY', '1995-05-05', 0),
(15, '01525823981', 'Mariana Costa', 'mariana.costa@email.com', '$argon2id$v=19$m=16384,t=2,p=1$4hwXb6RQmBKCAeqpCEh+uA$dSQq4lbKhuDrLZwxmUMBJLsY6QgnPdLX5CZwsPkMmcY', '1995-05-05', 0),
(16, '41854469770', 'Pedro Almeida', 'pedro.almeida@email.com', '$argon2id$v=19$m=16384,t=2,p=1$4hwXb6RQmBKCAeqpCEh+uA$dSQq4lbKhuDrLZwxmUMBJLsY6QgnPdLX5CZwsPkMmcY', '1995-05-05', 0),
(17, '25939202209', 'Camila Rocha', 'camila.rocha@email.com', '$argon2id$v=19$m=16384,t=2,p=1$4hwXb6RQmBKCAeqpCEh+uA$dSQq4lbKhuDrLZwxmUMBJLsY6QgnPdLX5CZwsPkMmcY', '1995-05-05', 0),
(18, '91437133517', 'Bruno Lima', 'bruno.lima@email.com', '$argon2id$v=19$m=16384,t=2,p=1$4hwXb6RQmBKCAeqpCEh+uA$dSQq4lbKhuDrLZwxmUMBJLsY6QgnPdLX5CZwsPkMmcY', '1995-05-05', 0),
(19, '00855534508', 'Amanda Pereira', 'amanda.pereira@email.com', '$argon2id$v=19$m=16384,t=2,p=1$4hwXb6RQmBKCAeqpCEh+uA$dSQq4lbKhuDrLZwxmUMBJLsY6QgnPdLX5CZwsPkMmcY', '1995-05-05', 0),
(20, '09635800436', 'Rafael Santos', 'rafael.santos@email.com', '$argon2id$v=19$m=16384,t=2,p=1$4hwXb6RQmBKCAeqpCEh+uA$dSQq4lbKhuDrLZwxmUMBJLsY6QgnPdLX5CZwsPkMmcY', '1995-05-05', 0),
(21, '20516636022', 'Leticia Gomes', 'leticia.gomes@email.com', '$argon2id$v=19$m=16384,t=2,p=1$4hwXb6RQmBKCAeqpCEh+uA$dSQq4lbKhuDrLZwxmUMBJLsY6QgnPdLX5CZwsPkMmcY', '1995-05-05', 0),
(22, '44709044309', 'Tiago Fernandes', 'tiago.fernandes@email.com', '$argon2id$v=19$m=16384,t=2,p=1$4hwXb6RQmBKCAeqpCEh+uA$dSQq4lbKhuDrLZwxmUMBJLsY6QgnPdLX5CZwsPkMmcY', '1995-05-05', 0),
(23, '80435744640', 'Juliana Martins', 'juliana.martins@email.com', '$argon2id$v=19$m=16384,t=2,p=1$4hwXb6RQmBKCAeqpCEh+uA$dSQq4lbKhuDrLZwxmUMBJLsY6QgnPdLX5CZwsPkMmcY', '1995-05-05', 0),
(24, '20650880013', 'Gustavo Ribeiro', 'gustavo.ribeiro@email.com', '$argon2id$v=19$m=16384,t=2,p=1$4hwXb6RQmBKCAeqpCEh+uA$dSQq4lbKhuDrLZwxmUMBJLsY6QgnPdLX5CZwsPkMmcY', '1995-05-05', 0),
(25, '68969426221', 'Fernanda Dias', 'fernanda.dias@email.com', '$argon2id$v=19$m=16384,t=2,p=1$4hwXb6RQmBKCAeqpCEh+uA$dSQq4lbKhuDrLZwxmUMBJLsY6QgnPdLX5CZwsPkMmcY', '1995-05-05', 0),
(26, '48057211466', 'Igor Nascimento', 'igor.nascimento@email.com', '$argon2id$v=19$m=16384,t=2,p=1$4hwXb6RQmBKCAeqpCEh+uA$dSQq4lbKhuDrLZwxmUMBJLsY6QgnPdLX5CZwsPkMmcY', '1995-05-05', 0),
(27, '29651222220', 'Carolina Araujo', 'carolina.araujo@email.com', '$argon2id$v=19$m=16384,t=2,p=1$4hwXb6RQmBKCAeqpCEh+uA$dSQq4lbKhuDrLZwxmUMBJLsY6QgnPdLX5CZwsPkMmcY', '1995-05-05', 0),
(28, '17104661115', 'Eduardo Castro', 'eduardo.castro@email.com', '$argon2id$v=19$m=16384,t=2,p=1$4hwXb6RQmBKCAeqpCEh+uA$dSQq4lbKhuDrLZwxmUMBJLsY6QgnPdLX5CZwsPkMmcY', '1995-05-05', 0),
(29, '48286897293', 'Sandra Atendente', 'sandra.atend@clinica.com', '$argon2id$v=19$m=16384,t=2,p=1$4hwXb6RQmBKCAeqpCEh+uA$dSQq4lbKhuDrLZwxmUMBJLsY6QgnPdLX5CZwsPkMmcY', '1990-08-08', 0),
(30, '90615909140', 'Paulo Recepção', 'paulo.atend@clinica.com', '$argon2id$v=19$m=16384,t=2,p=1$4hwXb6RQmBKCAeqpCEh+uA$dSQq4lbKhuDrLZwxmUMBJLsY6QgnPdLX5CZwsPkMmcY', '1990-08-08', 0),
(31, '09559422847', 'Clara Suporte', 'clara.atend@clinica.com', '$argon2id$v=19$m=16384,t=2,p=1$4hwXb6RQmBKCAeqpCEh+uA$dSQq4lbKhuDrLZwxmUMBJLsY6QgnPdLX5CZwsPkMmcY', '1990-08-08', 0),
(32, '96551549802', 'Ricardo Caixa', 'ricardo.atend@clinica.com', '$argon2id$v=19$m=16384,t=2,p=1$4hwXb6RQmBKCAeqpCEh+uA$dSQq4lbKhuDrLZwxmUMBJLsY6QgnPdLX5CZwsPkMmcY', '1990-08-08', 0);

INSERT IGNORE INTO Medico (id_pessoa, numero, estado) VALUES
(2, 39012, 'RS'),
(5, 87108, 'PR'),
(6, 18945, 'SP'),
(7, 34658, 'RJ'),
(8, 12426, 'BA'),
(9, 31669, 'RS'),
(10, 14950, 'BA'),
(11, 13242, 'PR'),
(12, 35589, 'SP'),
(13, 47131, 'SP');

INSERT IGNORE INTO Medico_Especialidade (id_medico, especialidade) VALUES
(2, 'Infectologia'),
(2, 'Ortopedia'),
(5, 'Infectologia'),
(5, 'Clínica Geral'),
(5, 'Neurologia'),
(6, 'Neurologia'),
(6, 'Cardiologia'),
(7, 'Pediatria'),
(8, 'Ginecologia'),
(8, 'Pediatria'),
(8, 'Ortopedia'),
(9, 'Cardiologia'),
(9, 'Clínica Geral'),
(9, 'Neurologia'),
(10, 'Infectologia'),
(10, 'Cardiologia'),
(10, 'Neurologia'),
(11, 'Pediatria'),
(11, 'Ginecologia'),
(12, 'Cardiologia'),
(13, 'Neurologia'),
(13, 'Ginecologia');

INSERT IGNORE INTO Paciente (id_pessoa, convenio, num_carteirinha) VALUES
(3, 'Amil', '4621898419'),
(5, 'Unimed', '4405956179'),
(14, 'Particular', '6813721181'),
(15, 'Unimed', '8770228110'),
(16, 'SulAmérica', '5246164714'),
(17, 'Particular', '1858733976'),
(18, 'SulAmérica', '4443988990'),
(19, 'SulAmérica', '9634382615'),
(20, 'SulAmérica', '9398008468'),
(21, 'Unimed', '3331342925'),
(22, 'Amil', '3249262826'),
(23, 'SulAmérica', '6690195815'),
(24, 'SulAmérica', '9153783053'),
(25, 'Unimed', '6001254532'),
(26, 'SulAmérica', '1045084088'),
(27, 'Particular', '8441162563'),
(28, 'Unimed', '8357642749');

INSERT IGNORE INTO Atendente (id_pessoa, matricula) VALUES
(4, 'ATND-004'),
(5, 'ATND-005'),
(29, 'ATND-029'),
(30, 'ATND-030'),
(31, 'ATND-031'),
(32, 'ATND-032');

INSERT IGNORE INTO Disponibilidade_Padrao (id_disponibilidade, id_medico, data_inicio, data_fim, horario_inicio, horario_fim, dia_semana, duracao_consulta) VALUES
(1, 2, '2026-01-01', '2026-12-31', '08:00:00', '17:00:00', 'TERCA', 30),
(2, 2, '2026-01-01', '2026-12-31', '09:00:00', '17:00:00', 'SABADO', 60),
(3, 2, '2026-01-01', '2026-12-31', '10:00:00', '17:00:00', 'SEXTA', 45),
(4, 2, '2026-01-01', '2026-12-31', '13:00:00', '19:00:00', 'QUARTA', 60),
(5, 5, '2026-01-01', '2026-12-31', '10:00:00', '17:00:00', 'SABADO', 60),
(6, 5, '2026-01-01', '2026-12-31', '10:00:00', '17:00:00', 'TERCA', 60),
(7, 5, '2026-01-01', '2026-12-31', '08:00:00', '17:00:00', 'SEGUNDA', 60),
(8, 6, '2026-01-01', '2026-12-31', '08:00:00', '17:00:00', 'QUARTA', 60),
(9, 6, '2026-01-01', '2026-12-31', '10:00:00', '17:00:00', 'QUINTA', 30),
(10, 6, '2026-01-01', '2026-12-31', '08:00:00', '17:00:00', 'SEGUNDA', 30),
(11, 6, '2026-01-01', '2026-12-31', '09:00:00', '17:00:00', 'TERCA', 30),
(12, 7, '2026-01-01', '2026-12-31', '13:00:00', '19:00:00', 'TERCA', 45),
(13, 7, '2026-01-01', '2026-12-31', '09:00:00', '17:00:00', 'SEGUNDA', 45),
(14, 7, '2026-01-01', '2026-12-31', '08:00:00', '17:00:00', 'SEXTA', 30),
(15, 7, '2026-01-01', '2026-12-31', '10:00:00', '17:00:00', 'SABADO', 45),
(16, 7, '2026-01-01', '2026-12-31', '13:00:00', '19:00:00', 'QUARTA', 60),
(17, 8, '2026-01-01', '2026-12-31', '08:00:00', '17:00:00', 'SEGUNDA', 45),
(18, 8, '2026-01-01', '2026-12-31', '09:00:00', '17:00:00', 'TERCA', 45),
(19, 8, '2026-01-01', '2026-12-31', '09:00:00', '17:00:00', 'QUARTA', 60),
(20, 9, '2026-01-01', '2026-12-31', '13:00:00', '19:00:00', 'SEXTA', 30),
(21, 9, '2026-01-01', '2026-12-31', '09:00:00', '17:00:00', 'SEGUNDA', 60),
(22, 9, '2026-01-01', '2026-12-31', '13:00:00', '19:00:00', 'QUINTA', 45),
(23, 9, '2026-01-01', '2026-12-31', '08:00:00', '17:00:00', 'QUARTA', 60),
(24, 9, '2026-01-01', '2026-12-31', '13:00:00', '19:00:00', 'SABADO', 60),
(25, 10, '2026-01-01', '2026-12-31', '10:00:00', '17:00:00', 'SEGUNDA', 60),
(26, 10, '2026-01-01', '2026-12-31', '08:00:00', '17:00:00', 'SEXTA', 60),
(27, 10, '2026-01-01', '2026-12-31', '10:00:00', '17:00:00', 'SABADO', 45),
(28, 10, '2026-01-01', '2026-12-31', '09:00:00', '17:00:00', 'QUARTA', 30),
(29, 11, '2026-01-01', '2026-12-31', '09:00:00', '17:00:00', 'QUINTA', 30),
(30, 11, '2026-01-01', '2026-12-31', '08:00:00', '17:00:00', 'SEGUNDA', 30),
(31, 11, '2026-01-01', '2026-12-31', '13:00:00', '19:00:00', 'SEXTA', 60),
(32, 12, '2026-01-01', '2026-12-31', '13:00:00', '19:00:00', 'TERCA', 60),
(33, 12, '2026-01-01', '2026-12-31', '13:00:00', '19:00:00', 'QUARTA', 60),
(34, 12, '2026-01-01', '2026-12-31', '10:00:00', '17:00:00', 'SEXTA', 30),
(35, 13, '2026-01-01', '2026-12-31', '13:00:00', '19:00:00', 'QUARTA', 60),
(36, 13, '2026-01-01', '2026-12-31', '13:00:00', '19:00:00', 'SEGUNDA', 60),
(37, 13, '2026-01-01', '2026-12-31', '08:00:00', '17:00:00', 'TERCA', 60);

INSERT IGNORE INTO Excecao_Agenda (id_excecao, id_medico, data_excecao, tipo_excecao, horario_inicio, horario_fim) VALUES
(1, 2, '2026-07-10', 'Bloqueio', '08:00:00', '12:00:00'),
(2, 6, '2026-07-10', 'Bloqueio', '08:00:00', '12:00:00'),
(3, 7, '2026-07-10', 'Bloqueio', '08:00:00', '12:00:00'),
(4, 9, '2026-07-10', 'Bloqueio', '08:00:00', '12:00:00'),
(5, 11, '2026-07-10', 'Bloqueio', '08:00:00', '12:00:00'),
(6, 12, '2026-07-10', 'Bloqueio', '08:00:00', '12:00:00'),
(7, 13, '2026-07-10', 'Bloqueio', '08:00:00', '12:00:00');

INSERT IGNORE INTO Agendamento (id_agendamento, id_paciente, id_atendente, id_medico, id_agendamento_pai, data_hora, status) VALUES
(1, 5, 5, 12, NULL, '2026-07-01 15:45:00', 'Cancelado'),
(2, 21, 32, 13, NULL, '2026-07-01 12:00:00', 'Realizado'),
(3, 24, 32, 6, NULL, '2026-07-01 16:00:00', 'Cancelado'),
(4, 22, 30, 9, NULL, '2026-07-01 09:45:00', 'Agendado'),
(5, 24, 5, 12, NULL, '2026-07-01 13:00:00', 'Confirmado'),
(6, 19, 30, 7, NULL, '2026-07-01 11:30:00', 'Cancelado'),
(7, 17, 4, 13, NULL, '2026-07-01 15:00:00', 'Realizado'),
(8, 22, 29, 2, NULL, '2026-07-01 11:45:00', 'Confirmado'),
(9, 22, 4, 9, NULL, '2026-07-01 14:00:00', 'Confirmado'),
(10, 28, 4, 12, NULL, '2026-07-01 16:45:00', 'Confirmado'),
(11, 3, 30, 9, NULL, '2026-07-02 16:45:00', 'Cancelado'),
(12, 27, 32, 8, NULL, '2026-07-02 14:00:00', 'Realizado'),
(13, 16, 5, 11, NULL, '2026-07-02 15:30:00', 'Realizado'),
(14, 24, 5, 8, NULL, '2026-07-02 10:45:00', 'Realizado'),
(15, 15, 29, 9, NULL, '2026-07-02 17:30:00', 'Agendado'),
(16, 18, 5, 6, NULL, '2026-07-02 13:45:00', 'Confirmado'),
(17, 19, 31, 6, NULL, '2026-07-02 14:30:00', 'Realizado'),
(18, 14, 5, 2, NULL, '2026-07-02 17:15:00', 'Cancelado'),
(19, 26, 5, 12, NULL, '2026-07-02 12:30:00', 'Agendado'),
(20, 14, 29, 10, NULL, '2026-07-02 09:00:00', 'Agendado'),
(21, 26, 4, 8, NULL, '2026-07-03 17:45:00', 'Cancelado'),
(22, 28, 32, 9, NULL, '2026-07-03 13:15:00', 'Realizado'),
(23, 17, 5, 11, NULL, '2026-07-03 13:30:00', 'Cancelado'),
(24, 22, 31, 2, NULL, '2026-07-03 11:45:00', 'Confirmado'),
(25, 22, 5, 8, NULL, '2026-07-03 10:30:00', 'Confirmado'),
(26, 20, 30, 9, NULL, '2026-07-03 11:00:00', 'Cancelado'),
(27, 21, 5, 9, NULL, '2026-07-03 11:45:00', 'Cancelado'),
(28, 24, 29, 10, NULL, '2026-07-04 16:00:00', 'Realizado'),
(29, 14, 32, 11, NULL, '2026-07-04 11:15:00', 'Confirmado'),
(30, 19, 29, 9, NULL, '2026-07-04 11:30:00', 'Realizado'),
(31, 5, 5, 7, NULL, '2026-07-04 09:45:00', 'Agendado'),
(32, 20, 32, 2, NULL, '2026-07-04 10:00:00', 'Agendado'),
(33, 24, 31, 7, NULL, '2026-07-04 14:00:00', 'Realizado'),
(34, 5, 30, 5, NULL, '2026-07-04 12:30:00', 'Realizado'),
(35, 23, 29, 13, NULL, '2026-07-04 13:45:00', 'Realizado'),
(36, 23, 5, 13, NULL, '2026-07-04 12:15:00', 'Confirmado'),
(37, 20, 30, 5, NULL, '2026-07-04 08:45:00', 'Cancelado'),
(38, 22, 32, 13, NULL, '2026-07-04 16:15:00', 'Realizado'),
(39, 20, 31, 5, NULL, '2026-07-04 13:00:00', 'Agendado'),
(40, 22, 30, 6, NULL, '2026-07-04 08:15:00', 'Cancelado'),
(41, 25, 4, 2, NULL, '2026-07-04 16:30:00', 'Agendado'),
(42, 23, 31, 11, NULL, '2026-07-04 13:30:00', 'Realizado'),
(43, 19, 30, 7, NULL, '2026-07-05 08:00:00', 'Realizado'),
(44, 22, 31, 10, NULL, '2026-07-05 10:15:00', 'Agendado'),
(45, 17, 31, 6, NULL, '2026-07-05 10:30:00', 'Cancelado'),
(46, 23, 32, 5, NULL, '2026-07-05 14:30:00', 'Agendado'),
(47, 16, 5, 11, NULL, '2026-07-05 15:45:00', 'Confirmado'),
(48, 28, 32, 11, NULL, '2026-07-05 08:15:00', 'Agendado'),
(49, 27, 4, 12, NULL, '2026-07-05 13:15:00', 'Agendado'),
(50, 15, 31, 7, NULL, '2026-07-05 12:00:00', 'Confirmado'),
(51, 21, 30, 2, NULL, '2026-07-05 09:00:00', 'Confirmado'),
(52, 14, 30, 5, NULL, '2026-07-05 17:15:00', 'Confirmado'),
(53, 22, 5, 10, NULL, '2026-07-06 17:15:00', 'Cancelado'),
(54, 5, 31, 5, NULL, '2026-07-06 10:00:00', 'Cancelado'),
(55, 14, 32, 6, NULL, '2026-07-06 15:00:00', 'Confirmado'),
(56, 27, 4, 2, NULL, '2026-07-06 09:15:00', 'Confirmado'),
(57, 28, 31, 2, NULL, '2026-07-06 15:15:00', 'Confirmado'),
(58, 27, 30, 8, NULL, '2026-07-06 09:00:00', 'Realizado'),
(59, 24, 30, 11, NULL, '2026-07-06 13:45:00', 'Confirmado'),
(60, 18, 29, 7, NULL, '2026-07-06 12:15:00', 'Confirmado'),
(61, 3, 30, 13, NULL, '2026-07-06 16:00:00', 'Confirmado'),
(62, 3, 5, 7, NULL, '2026-07-06 08:15:00', 'Confirmado'),
(63, 22, 30, 2, NULL, '2026-07-06 15:00:00', 'Confirmado'),
(64, 5, 32, 6, NULL, '2026-07-06 15:45:00', 'Confirmado'),
(65, 16, 30, 12, NULL, '2026-07-06 14:45:00', 'Confirmado'),
(66, 22, 5, 6, NULL, '2026-07-06 09:15:00', 'Agendado'),
(67, 5, 31, 7, NULL, '2026-07-07 16:30:00', 'Realizado'),
(68, 25, 31, 9, NULL, '2026-07-07 08:45:00', 'Confirmado'),
(69, 14, 5, 8, NULL, '2026-07-07 17:15:00', 'Confirmado'),
(70, 15, 30, 12, NULL, '2026-07-07 15:15:00', 'Confirmado'),
(71, 3, 31, 9, NULL, '2026-07-07 16:30:00', 'Agendado'),
(72, 25, 32, 9, NULL, '2026-07-07 10:30:00', 'Realizado'),
(73, 5, 29, 9, NULL, '2026-07-07 14:00:00', 'Confirmado'),
(74, 27, 31, 5, NULL, '2026-07-07 11:00:00', 'Confirmado'),
(75, 14, 32, 7, NULL, '2026-07-07 12:45:00', 'Cancelado'),
(76, 14, 31, 10, NULL, '2026-07-07 15:15:00', 'Cancelado'),
(77, 19, 32, 9, NULL, '2026-07-07 17:00:00', 'Agendado'),
(78, 24, 31, 12, NULL, '2026-07-08 11:45:00', 'Confirmado'),
(79, 3, 30, 8, NULL, '2026-07-08 14:15:00', 'Confirmado'),
(80, 5, 31, 2, NULL, '2026-07-08 17:30:00', 'Agendado'),
(81, 21, 5, 2, NULL, '2026-07-08 08:45:00', 'Cancelado'),
(82, 28, 5, 11, NULL, '2026-07-08 16:15:00', 'Confirmado'),
(83, 15, 30, 12, NULL, '2026-07-08 12:15:00', 'Realizado'),
(84, 26, 30, 5, NULL, '2026-07-08 10:15:00', 'Confirmado'),
(85, 15, 5, 11, NULL, '2026-07-08 13:30:00', 'Cancelado'),
(86, 27, 30, 12, NULL, '2026-07-09 14:30:00', 'Agendado'),
(87, 15, 4, 13, NULL, '2026-07-09 09:30:00', 'Confirmado'),
(88, 16, 32, 8, NULL, '2026-07-09 12:15:00', 'Cancelado'),
(89, 3, 5, 10, NULL, '2026-07-09 09:00:00', 'Agendado'),
(90, 25, 4, 5, NULL, '2026-07-09 14:15:00', 'Realizado'),
(91, 16, 31, 11, NULL, '2026-07-09 14:30:00', 'Confirmado'),
(92, 23, 31, 2, NULL, '2026-07-10 13:30:00', 'Agendado'),
(93, 20, 5, 10, NULL, '2026-07-10 11:45:00', 'Realizado'),
(94, 21, 29, 9, NULL, '2026-07-10 17:30:00', 'Agendado'),
(95, 28, 5, 10, NULL, '2026-07-10 09:30:00', 'Agendado'),
(96, 20, 32, 6, NULL, '2026-07-10 13:00:00', 'Confirmado'),
(97, 20, 5, 8, NULL, '2026-07-10 12:15:00', 'Agendado'),
(98, 14, 31, 12, NULL, '2026-07-10 11:00:00', 'Cancelado'),
(99, 16, 4, 11, NULL, '2026-07-11 12:30:00', 'Cancelado'),
(100, 28, 4, 7, NULL, '2026-07-11 16:15:00', 'Confirmado'),
(101, 28, 4, 8, NULL, '2026-07-11 17:00:00', 'Realizado'),
(102, 17, 4, 12, NULL, '2026-07-11 16:30:00', 'Realizado'),
(103, 20, 29, 2, NULL, '2026-07-11 15:45:00', 'Realizado'),
(104, 26, 4, 7, NULL, '2026-07-11 10:30:00', 'Confirmado'),
(105, 5, 5, 5, NULL, '2026-07-11 16:00:00', 'Cancelado'),
(106, 17, 4, 9, NULL, '2026-07-11 15:15:00', 'Confirmado'),
(107, 26, 31, 8, NULL, '2026-07-11 15:45:00', 'Cancelado'),
(108, 20, 32, 2, NULL, '2026-07-11 15:45:00', 'Agendado'),
(109, 25, 31, 7, NULL, '2026-07-11 17:30:00', 'Confirmado'),
(110, 3, 31, 11, NULL, '2026-07-12 15:15:00', 'Realizado'),
(111, 15, 29, 9, NULL, '2026-07-12 16:15:00', 'Confirmado'),
(112, 19, 29, 7, NULL, '2026-07-12 13:15:00', 'Confirmado'),
(113, 23, 29, 10, NULL, '2026-07-12 09:45:00', 'Cancelado'),
(114, 21, 29, 6, NULL, '2026-07-12 11:30:00', 'Realizado'),
(115, 23, 5, 8, NULL, '2026-07-12 10:15:00', 'Confirmado'),
(116, 22, 5, 11, NULL, '2026-07-12 14:15:00', 'Confirmado'),
(117, 14, 5, 10, NULL, '2026-07-12 08:30:00', 'Cancelado'),
(118, 17, 32, 10, NULL, '2026-07-12 08:15:00', 'Confirmado'),
(119, 15, 31, 5, NULL, '2026-07-13 08:30:00', 'Agendado'),
(120, 16, 31, 8, NULL, '2026-07-13 14:15:00', 'Confirmado'),
(121, 17, 4, 8, NULL, '2026-07-13 11:15:00', 'Confirmado'),
(122, 22, 29, 9, NULL, '2026-07-13 16:00:00', 'Cancelado'),
(123, 19, 31, 13, NULL, '2026-07-13 11:15:00', 'Agendado'),
(124, 28, 29, 2, NULL, '2026-07-13 14:30:00', 'Agendado'),
(125, 28, 5, 10, NULL, '2026-07-13 08:15:00', 'Confirmado'),
(126, 23, 29, 13, NULL, '2026-07-13 10:00:00', 'Cancelado'),
(127, 19, 31, 7, NULL, '2026-07-13 16:15:00', 'Realizado'),
(128, 20, 29, 11, NULL, '2026-07-13 17:30:00', 'Confirmado'),
(129, 26, 32, 7, NULL, '2026-07-13 11:15:00', 'Realizado'),
(130, 5, 30, 2, NULL, '2026-07-13 12:30:00', 'Confirmado'),
(131, 23, 4, 6, NULL, '2026-07-14 13:45:00', 'Realizado'),
(132, 26, 31, 11, NULL, '2026-07-14 17:00:00', 'Agendado'),
(133, 3, 29, 9, NULL, '2026-07-14 12:00:00', 'Cancelado'),
(134, 26, 5, 11, NULL, '2026-07-14 08:45:00', 'Confirmado'),
(135, 27, 32, 6, NULL, '2026-07-14 11:30:00', 'Agendado'),
(136, 28, 4, 7, NULL, '2026-07-14 16:15:00', 'Cancelado'),
(137, 16, 32, 13, NULL, '2026-07-14 13:45:00', 'Cancelado');

INSERT IGNORE INTO Prontuario_Clinico (id_prontuario, id_agendamento, diagnostico, prescricao, registro_observacoes) VALUES
(1, 2, 'Alergia', 'Omeprazol 20mg', 'Paciente orientado a retornar em 7 dias se sintomas persistirem.'),
(2, 5, 'Faringite viral', 'Loratadina 10mg', 'Paciente orientado a retornar em 7 dias se sintomas persistirem.'),
(3, 7, 'Alergia', 'Losartana 50mg', 'Paciente orientado a retornar em 7 dias se sintomas persistirem.'),
(4, 8, 'Dor lombar', 'Losartana 50mg', 'Paciente orientado a retornar em 7 dias se sintomas persistirem.'),
(5, 9, 'Enxaqueca', 'Paracetamol 750mg', 'Paciente orientado a retornar em 7 dias se sintomas persistirem.'),
(6, 10, 'Gastrite', 'Losartana 50mg', 'Paciente orientado a retornar em 7 dias se sintomas persistirem.'),
(7, 12, 'Faringite viral', 'Paracetamol 750mg', 'Paciente orientado a retornar em 7 dias se sintomas persistirem.'),
(8, 13, 'Dor lombar', 'Losartana 50mg', 'Paciente orientado a retornar em 7 dias se sintomas persistirem.'),
(9, 14, 'Alergia', 'Loratadina 10mg', 'Paciente orientado a retornar em 7 dias se sintomas persistirem.'),
(10, 16, 'Enxaqueca', 'Dipirona 1g', 'Paciente orientado a retornar em 7 dias se sintomas persistirem.'),
(11, 17, 'Enxaqueca', 'Loratadina 10mg', 'Paciente orientado a retornar em 7 dias se sintomas persistirem.'),
(12, 22, 'Faringite viral', 'Paracetamol 750mg', 'Paciente orientado a retornar em 7 dias se sintomas persistirem.'),
(13, 24, 'Hipertensão', 'Dipirona 1g', 'Paciente orientado a retornar em 7 dias se sintomas persistirem.'),
(14, 25, 'Hipertensão', 'Losartana 50mg', 'Paciente orientado a retornar em 7 dias se sintomas persistirem.'),
(15, 28, 'Gripe comum', 'Repouso e hidratação', 'Paciente orientado a retornar em 7 dias se sintomas persistirem.'),
(16, 29, 'Dor lombar', 'Losartana 50mg', 'Paciente orientado a retornar em 7 dias se sintomas persistirem.'),
(17, 30, 'Gripe comum', 'Dipirona 1g', 'Paciente orientado a retornar em 7 dias se sintomas persistirem.'),
(18, 33, 'Hipertensão', 'Omeprazol 20mg', 'Paciente orientado a retornar em 7 dias se sintomas persistirem.'),
(19, 34, 'Dor lombar', 'Loratadina 10mg', 'Paciente orientado a retornar em 7 dias se sintomas persistirem.'),
(20, 35, 'Gastrite', 'Repouso e hidratação', 'Paciente orientado a retornar em 7 dias se sintomas persistirem.'),
(21, 36, 'Gastrite', 'Omeprazol 20mg', 'Paciente orientado a retornar em 7 dias se sintomas persistirem.'),
(22, 38, 'Faringite viral', 'Dipirona 1g', 'Paciente orientado a retornar em 7 dias se sintomas persistirem.'),
(23, 42, 'Gripe comum', 'Losartana 50mg', 'Paciente orientado a retornar em 7 dias se sintomas persistirem.'),
(24, 43, 'Gastrite', 'Losartana 50mg', 'Paciente orientado a retornar em 7 dias se sintomas persistirem.'),
(25, 47, 'Enxaqueca', 'Losartana 50mg', 'Paciente orientado a retornar em 7 dias se sintomas persistirem.'),
(26, 50, 'Faringite viral', 'Loratadina 10mg', 'Paciente orientado a retornar em 7 dias se sintomas persistirem.'),
(27, 51, 'Dor lombar', 'Dipirona 1g', 'Paciente orientado a retornar em 7 dias se sintomas persistirem.'),
(28, 52, 'Faringite viral', 'Dipirona 1g', 'Paciente orientado a retornar em 7 dias se sintomas persistirem.'),
(29, 55, 'Enxaqueca', 'Loratadina 10mg', 'Paciente orientado a retornar em 7 dias se sintomas persistirem.'),
(30, 56, 'Alergia', 'Paracetamol 750mg', 'Paciente orientado a retornar em 7 dias se sintomas persistirem.'),
(31, 57, 'Gastrite', 'Paracetamol 750mg', 'Paciente orientado a retornar em 7 dias se sintomas persistirem.'),
(32, 58, 'Faringite viral', 'Loratadina 10mg', 'Paciente orientado a retornar em 7 dias se sintomas persistirem.'),
(33, 59, 'Hipertensão', 'Repouso e hidratação', 'Paciente orientado a retornar em 7 dias se sintomas persistirem.'),
(34, 60, 'Enxaqueca', 'Losartana 50mg', 'Paciente orientado a retornar em 7 dias se sintomas persistirem.'),
(35, 61, 'Dor lombar', 'Paracetamol 750mg', 'Paciente orientado a retornar em 7 dias se sintomas persistirem.'),
(36, 62, 'Dor lombar', 'Losartana 50mg', 'Paciente orientado a retornar em 7 dias se sintomas persistirem.'),
(37, 63, 'Dor lombar', 'Loratadina 10mg', 'Paciente orientado a retornar em 7 dias se sintomas persistirem.'),
(38, 64, 'Enxaqueca', 'Dipirona 1g', 'Paciente orientado a retornar em 7 dias se sintomas persistirem.'),
(39, 65, 'Gripe comum', 'Losartana 50mg', 'Paciente orientado a retornar em 7 dias se sintomas persistirem.'),
(40, 67, 'Dor lombar', 'Repouso e hidratação', 'Paciente orientado a retornar em 7 dias se sintomas persistirem.'),
(41, 68, 'Gastrite', 'Repouso e hidratação', 'Paciente orientado a retornar em 7 dias se sintomas persistirem.'),
(42, 69, 'Gastrite', 'Dipirona 1g', 'Paciente orientado a retornar em 7 dias se sintomas persistirem.'),
(43, 70, 'Gripe comum', 'Loratadina 10mg', 'Paciente orientado a retornar em 7 dias se sintomas persistirem.'),
(44, 72, 'Gripe comum', 'Loratadina 10mg', 'Paciente orientado a retornar em 7 dias se sintomas persistirem.'),
(45, 73, 'Gastrite', 'Losartana 50mg', 'Paciente orientado a retornar em 7 dias se sintomas persistirem.'),
(46, 74, 'Gripe comum', 'Repouso e hidratação', 'Paciente orientado a retornar em 7 dias se sintomas persistirem.'),
(47, 78, 'Faringite viral', 'Repouso e hidratação', 'Paciente orientado a retornar em 7 dias se sintomas persistirem.'),
(48, 79, 'Enxaqueca', 'Dipirona 1g', 'Paciente orientado a retornar em 7 dias se sintomas persistirem.'),
(49, 82, 'Enxaqueca', 'Losartana 50mg', 'Paciente orientado a retornar em 7 dias se sintomas persistirem.'),
(50, 83, 'Alergia', 'Dipirona 1g', 'Paciente orientado a retornar em 7 dias se sintomas persistirem.'),
(51, 84, 'Alergia', 'Losartana 50mg', 'Paciente orientado a retornar em 7 dias se sintomas persistirem.'),
(52, 87, 'Hipertensão', 'Paracetamol 750mg', 'Paciente orientado a retornar em 7 dias se sintomas persistirem.'),
(53, 90, 'Hipertensão', 'Dipirona 1g', 'Paciente orientado a retornar em 7 dias se sintomas persistirem.'),
(54, 91, 'Alergia', 'Paracetamol 750mg', 'Paciente orientado a retornar em 7 dias se sintomas persistirem.'),
(55, 93, 'Faringite viral', 'Repouso e hidratação', 'Paciente orientado a retornar em 7 dias se sintomas persistirem.'),
(56, 96, 'Alergia', 'Dipirona 1g', 'Paciente orientado a retornar em 7 dias se sintomas persistirem.'),
(57, 100, 'Enxaqueca', 'Loratadina 10mg', 'Paciente orientado a retornar em 7 dias se sintomas persistirem.'),
(58, 101, 'Dor lombar', 'Repouso e hidratação', 'Paciente orientado a retornar em 7 dias se sintomas persistirem.'),
(59, 102, 'Hipertensão', 'Repouso e hidratação', 'Paciente orientado a retornar em 7 dias se sintomas persistirem.'),
(60, 103, 'Hipertensão', 'Loratadina 10mg', 'Paciente orientado a retornar em 7 dias se sintomas persistirem.'),
(61, 104, 'Enxaqueca', 'Dipirona 1g', 'Paciente orientado a retornar em 7 dias se sintomas persistirem.'),
(62, 106, 'Alergia', 'Omeprazol 20mg', 'Paciente orientado a retornar em 7 dias se sintomas persistirem.'),
(63, 109, 'Dor lombar', 'Losartana 50mg', 'Paciente orientado a retornar em 7 dias se sintomas persistirem.'),
(64, 110, 'Enxaqueca', 'Paracetamol 750mg', 'Paciente orientado a retornar em 7 dias se sintomas persistirem.'),
(65, 111, 'Hipertensão', 'Dipirona 1g', 'Paciente orientado a retornar em 7 dias se sintomas persistirem.'),
(66, 112, 'Hipertensão', 'Loratadina 10mg', 'Paciente orientado a retornar em 7 dias se sintomas persistirem.'),
(67, 114, 'Dor lombar', 'Loratadina 10mg', 'Paciente orientado a retornar em 7 dias se sintomas persistirem.'),
(68, 115, 'Faringite viral', 'Loratadina 10mg', 'Paciente orientado a retornar em 7 dias se sintomas persistirem.'),
(69, 116, 'Faringite viral', 'Omeprazol 20mg', 'Paciente orientado a retornar em 7 dias se sintomas persistirem.'),
(70, 118, 'Gastrite', 'Losartana 50mg', 'Paciente orientado a retornar em 7 dias se sintomas persistirem.'),
(71, 120, 'Enxaqueca', 'Repouso e hidratação', 'Paciente orientado a retornar em 7 dias se sintomas persistirem.'),
(72, 121, 'Alergia', 'Losartana 50mg', 'Paciente orientado a retornar em 7 dias se sintomas persistirem.'),
(73, 125, 'Faringite viral', 'Omeprazol 20mg', 'Paciente orientado a retornar em 7 dias se sintomas persistirem.'),
(74, 127, 'Alergia', 'Repouso e hidratação', 'Paciente orientado a retornar em 7 dias se sintomas persistirem.'),
(75, 128, 'Alergia', 'Paracetamol 750mg', 'Paciente orientado a retornar em 7 dias se sintomas persistirem.'),
(76, 129, 'Alergia', 'Loratadina 10mg', 'Paciente orientado a retornar em 7 dias se sintomas persistirem.'),
(77, 130, 'Dor lombar', 'Omeprazol 20mg', 'Paciente orientado a retornar em 7 dias se sintomas persistirem.'),
(78, 131, 'Enxaqueca', 'Dipirona 1g', 'Paciente orientado a retornar em 7 dias se sintomas persistirem.'),
(79, 134, 'Enxaqueca', 'Repouso e hidratação', 'Paciente orientado a retornar em 7 dias se sintomas persistirem.');

INSERT IGNORE INTO Exame (id_exame, id_agendamento, nome_exame, data_solicitacao, local_realizacao, observacoes_medicas, arquivo_laudo_path, status) VALUES
(1, 7, 'Raio-X Tórax', '2026-07-01', 'Externo', 'Sem preparos especiais.', NULL, 'Solicitado'),
(2, 10, 'Hemograma completo', '2026-07-01', 'Externo', 'Solicitado em jejum de 8 horas.', NULL, 'Solicitado'),
(3, 13, 'Colesterol total', '2026-07-02', 'Externo', 'Solicitado em jejum de 8 horas.', '/laudos/13_Colesterol_total.pdf', 'Laudo Anexado'),
(4, 14, 'Ultrassonografia Abdominal', '2026-07-02', 'Externo', 'Sem preparos especiais.', NULL, 'Solicitado'),
(5, 22, 'Hemograma completo', '2026-07-03', 'Externo', 'Solicitado em jejum de 8 horas.', '/laudos/22_Hemograma_completo.pdf', 'Laudo Anexado'),
(6, 24, 'Glicemia em jejum', '2026-07-03', 'Interno', 'Solicitado em jejum de 8 horas.', NULL, 'Solicitado'),
(7, 29, 'Glicemia em jejum', '2026-07-04', 'Externo', 'Solicitado em jejum de 8 horas.', NULL, 'Solicitado'),
(8, 33, 'Hemograma completo', '2026-07-04', 'Externo', 'Solicitado em jejum de 8 horas.', NULL, 'Solicitado'),
(9, 34, 'Glicemia em jejum', '2026-07-04', 'Interno', 'Solicitado em jejum de 8 horas.', NULL, 'Solicitado'),
(10, 35, 'Glicemia em jejum', '2026-07-04', 'Externo', 'Solicitado em jejum de 8 horas.', '/laudos/35_Glicemia_em_jejum.pdf', 'Concluído'),
(11, 51, 'Colesterol total', '2026-07-05', 'Interno', 'Solicitado em jejum de 8 horas.', NULL, 'Solicitado'),
(12, 52, 'Hemograma completo', '2026-07-05', 'Externo', 'Solicitado em jejum de 8 horas.', NULL, 'Solicitado'),
(13, 55, 'Raio-X Tórax', '2026-07-06', 'Interno', 'Sem preparos especiais.', NULL, 'Solicitado'),
(14, 57, 'Eletrocardiograma', '2026-07-06', 'Externo', 'Sem preparos especiais.', NULL, 'Solicitado'),
(15, 60, 'Raio-X Tórax', '2026-07-06', 'Interno', 'Sem preparos especiais.', NULL, 'Solicitado'),
(16, 61, 'Eletrocardiograma', '2026-07-06', 'Externo', 'Sem preparos especiais.', NULL, 'Solicitado'),
(17, 62, 'Colesterol total', '2026-07-06', 'Externo', 'Solicitado em jejum de 8 horas.', NULL, 'Solicitado'),
(18, 63, 'Colesterol total', '2026-07-06', 'Interno', 'Solicitado em jejum de 8 horas.', NULL, 'Solicitado'),
(19, 65, 'Hemograma completo', '2026-07-06', 'Interno', 'Solicitado em jejum de 8 horas.', NULL, 'Solicitado'),
(20, 68, 'TSH e T4 livre', '2026-07-07', 'Interno', 'Sem preparos especiais.', NULL, 'Solicitado'),
(21, 70, 'Glicemia em jejum', '2026-07-07', 'Externo', 'Solicitado em jejum de 8 horas.', NULL, 'Solicitado'),
(22, 79, 'Eletrocardiograma', '2026-07-08', 'Interno', 'Sem preparos especiais.', NULL, 'Solicitado'),
(23, 82, 'TSH e T4 livre', '2026-07-08', 'Externo', 'Sem preparos especiais.', NULL, 'Solicitado'),
(24, 102, 'Eletrocardiograma', '2026-07-11', 'Externo', 'Sem preparos especiais.', NULL, 'Solicitado'),
(25, 106, 'Glicemia em jejum', '2026-07-11', 'Externo', 'Solicitado em jejum de 8 horas.', NULL, 'Solicitado'),
(26, 111, 'Eletrocardiograma', '2026-07-12', 'Externo', 'Sem preparos especiais.', NULL, 'Solicitado'),
(27, 112, 'Raio-X Tórax', '2026-07-12', 'Externo', 'Sem preparos especiais.', NULL, 'Solicitado'),
(28, 116, 'TSH e T4 livre', '2026-07-12', 'Externo', 'Sem preparos especiais.', NULL, 'Solicitado'),
(29, 125, 'Hemograma completo', '2026-07-13', 'Externo', 'Solicitado em jejum de 8 horas.', NULL, 'Solicitado'),
(30, 127, 'TSH e T4 livre', '2026-07-13', 'Externo', 'Sem preparos especiais.', '/laudos/127_TSH_e_T4_livre.pdf', 'Laudo Anexado');